{"cameraMode":{"drawMode":0,"name":"Shaded","section":"Shading Mode"},"sceneLighting":true,"audioPlay":false,"sceneViewState":{"showFog":false,"showMaterialUpdate":false,"showSkybox":false,"showFlares":false,"showImageEffects":true,"showParticleSystems":true},"in2DMode":false,"pivot":{"x":-9.275219917297364,"y":2.892939567565918,"z":2.464113235473633},"rotation":{"x":0.07214503735303879,"y":-0.7176591157913208,"z":0.0751965343952179,"w":0.6885536313056946},"size":11.890869140625,"orthographic":false}