{"cameraMode":{"drawMode":0,"name":"Shaded","section":"Shading Mode"},"sceneLighting":false,"audioPlay":false,"sceneViewState":{"showFog":false,"showMaterialUpdate":false,"showSkybox":false,"showFlares":false,"showImageEffects":true,"showParticleSystems":true},"in2DMode":false,"pivot":{"x":7.152557373046875e-7,"y":2.6990432739257814,"z":0.0},"rotation":{"x":-0.13040943443775178,"y":-0.8694194555282593,"z":0.34614601731300356,"w":-0.3275456726551056},"size":16.208023071289064,"orthographic":false}