{"cameraMode":{"drawMode":0,"name":"Shaded","section":"Shading Mode"},"sceneLighting":false,"audioPlay":false,"sceneViewState":{"showFog":false,"showMaterialUpdate":false,"showSkybox":false,"showFlares":false,"showImageEffects":true,"showParticleSystems":true},"in2DMode":false,"pivot":{"x":0.08292722702026367,"y":1.3514091968536378,"z":-0.045749783515930179},"rotation":{"x":-0.09744897484779358,"y":-0.8876187801361084,"z":0.3925541937351227,"w":-0.2203131914138794},"size":6.397211074829102,"orthographic":false}