{"cameraMode":{"drawMode":0,"name":"Shaded","section":"Shading Mode"},"sceneLighting":true,"audioPlay":false,"sceneViewState":{"showFog":false,"showMaterialUpdate":false,"showSkybox":false,"showFlares":false,"showImageEffects":true,"showParticleSystems":true},"in2DMode":false,"pivot":{"x":-10.45546817779541,"y":15.473186492919922,"z":13.448748588562012},"rotation":{"x":0.025883687660098077,"y":-0.8746854066848755,"z":0.4817097783088684,"w":0.04702488332986832},"size":17.283063888549806,"orthographic":false}