{"cameraMode":{"drawMode":0,"name":"Shaded","section":"Shading Mode"},"sceneLighting":false,"audioPlay":false,"sceneViewState":{"showFog":false,"showMaterialUpdate":false,"showSkybox":false,"showFlares":false,"showImageEffects":true,"showParticleSystems":true},"in2DMode":false,"pivot":{"x":4.849999904632568,"y":1.1700000762939454,"z":-0.20999997854232789},"rotation":{"x":-0.03167380392551422,"y":-0.8963969945907593,"z":0.4373268187046051,"w":-0.06491918861865998},"size":4.041658401489258,"orthographic":false}