{"cameraMode":{"drawMode":0,"name":"Shaded","section":"Shading Mode"},"sceneLighting":false,"audioPlay":false,"sceneViewState":{"showFog":false,"showMaterialUpdate":false,"showSkybox":false,"showFlares":false,"showImageEffects":true,"showParticleSystems":true},"in2DMode":false,"pivot":{"x":0.8819830417633057,"y":1.125888705253601,"z":0.4000762701034546},"rotation":{"x":0.1659483164548874,"y":-0.6939078569412231,"z":0.16936936974525453,"w":0.6799022555351257},"size":0.9285704493522644,"orthographic":false}