{"cameraMode":{"drawMode":0,"name":"Shaded","section":"Shading Mode"},"sceneLighting":false,"audioPlay":false,"sceneViewState":{"showFog":false,"showMaterialUpdate":false,"showSkybox":false,"showFlares":false,"showImageEffects":true,"showParticleSystems":true},"in2DMode":false,"pivot":{"x":1.1920928955078126e-7,"y":0.8895276188850403,"z":-0.0633414089679718},"rotation":{"x":0.028801094740629197,"y":-0.9696745276451111,"z":0.19696471095085145,"w":0.14179830253124238},"size":4.778054714202881,"orthographic":false}