{"cameraMode":{"drawMode":0,"name":"Shaded","section":"Shading Mode"},"sceneLighting":false,"audioPlay":false,"sceneViewState":{"showFog":false,"showMaterialUpdate":false,"showSkybox":false,"showFlares":false,"showImageEffects":true,"showParticleSystems":true},"in2DMode":false,"pivot":{"x":0.032078564167022708,"y":1.1089873313903809,"z":0.016099274158477784},"rotation":{"x":-0.09744897484779358,"y":-0.8876187801361084,"z":0.3925541937351227,"w":-0.2203131914138794},"size":5.162582874298096,"orthographic":false}