{"cameraMode":{"drawMode":0,"name":"Shaded","section":"Shading Mode"},"sceneLighting":false,"audioPlay":false,"sceneViewState":{"showFog":false,"showMaterialUpdate":false,"showSkybox":false,"showFlares":false,"showImageEffects":true,"showParticleSystems":true},"in2DMode":false,"pivot":{"x":-0.12065395712852478,"y":-0.17453372478485108,"z":0.05774679780006409},"rotation":{"x":0.14688336849212647,"y":0.07944418489933014,"z":-0.01183417346328497,"w":0.9858874082565308},"size":1.2523906230926514,"orthographic":false}