{"cameraMode":{"drawMode":0,"name":"Shaded","section":"Shading Mode"},"sceneLighting":false,"audioPlay":false,"sceneViewState":{"showFog":false,"showMaterialUpdate":false,"showSkybox":false,"showFlares":false,"showImageEffects":true,"showParticleSystems":true},"in2DMode":false,"pivot":{"x":0.13046345114707948,"y":-0.12519922852516175,"z":0.024893999099731447},"rotation":{"x":-0.09744897484779358,"y":-0.8876187801361084,"z":0.3925541937351227,"w":-0.2203131914138794},"size":2.98329758644104,"orthographic":false}