{"cameraMode":{"drawMode":0,"name":"Shaded","section":"Shading Mode"},"sceneLighting":false,"audioPlay":false,"sceneViewState":{"showFog":false,"showMaterialUpdate":false,"showSkybox":false,"showFlares":false,"showImageEffects":true,"showParticleSystems":true},"in2DMode":false,"pivot":{"x":0.09130406379699707,"y":0.8762780427932739,"z":-0.6015757322311401},"rotation":{"x":0.04220828413963318,"y":-0.9500879645347595,"z":0.2715548872947693,"w":0.14767958223819734},"size":2.5488693714141847,"orthographic":false}