{"cameraMode":{"drawMode":0,"name":"Shaded","section":"Shading Mode"},"sceneLighting":true,"audioPlay":false,"sceneViewState":{"showFog":false,"showMaterialUpdate":false,"showSkybox":false,"showFlares":false,"showImageEffects":true,"showParticleSystems":true},"in2DMode":false,"pivot":{"x":-19.800525665283204,"y":24.264156341552736,"z":25.104999542236329},"rotation":{"x":0.3474755883216858,"y":-0.6269035935401917,"z":0.3676578998565674,"w":0.5925202965736389},"size":22.0,"orthographic":false}