{"cameraMode":{"drawMode":0,"name":"Shaded","section":"Shading Mode"},"sceneLighting":false,"audioPlay":false,"sceneViewState":{"showFog":false,"showMaterialUpdate":false,"showSkybox":false,"showFlares":false,"showImageEffects":true,"showParticleSystems":true},"in2DMode":false,"pivot":{"x":0.09130406379699707,"y":0.8762780427932739,"z":-0.6015757322311401},"rotation":{"x":-0.002279936335980892,"y":-0.9786525368690491,"z":-0.010865331627428532,"w":0.20522184669971467},"size":2.5488693714141847,"orthographic":false}