{"cameraMode":{"drawMode":0,"name":"Shaded","section":"Shading Mode"},"sceneLighting":true,"audioPlay":false,"sceneViewState":{"showFog":false,"showMaterialUpdate":false,"showSkybox":false,"showFlares":false,"showImageEffects":true,"showParticleSystems":true},"in2DMode":false,"pivot":{"x":-2.498058795928955,"y":7.84317684173584,"z":-1.5500059127807618},"rotation":{"x":0.37683671712875368,"y":-0.2836669683456421,"z":0.12241552025079727,"w":0.8732362985610962},"size":6.866176128387451,"orthographic":false}