{"cameraMode":{"drawMode":0,"name":"Shaded","section":"Shading Mode"},"sceneLighting":false,"audioPlay":false,"sceneViewState":{"showFog":false,"showMaterialUpdate":false,"showSkybox":false,"showFlares":false,"showImageEffects":true,"showParticleSystems":true},"in2DMode":false,"pivot":{"x":0.02288079261779785,"y":2.3959403038024904,"z":0.047299981117248538},"rotation":{"x":-0.09744897484779358,"y":-0.8876187801361084,"z":0.3925541937351227,"w":-0.2203131914138794},"size":10.958498001098633,"orthographic":false}