{"cameraMode":{"drawMode":0,"name":"Shaded","section":"Shading Mode"},"sceneLighting":true,"audioPlay":false,"sceneViewState":{"showFog":false,"showMaterialUpdate":false,"showSkybox":false,"showFlares":false,"showImageEffects":true,"showParticleSystems":true},"in2DMode":false,"pivot":{"x":-22.81999969482422,"y":10.229999542236329,"z":15.930000305175782},"rotation":{"x":-0.061286818236112598,"y":-0.9385241866111755,"z":0.250065416097641,"w":-0.2299644649028778},"size":13.851317405700684,"orthographic":false}