{"cameraMode":{"drawMode":0,"name":"Shaded","section":"Shading Mode"},"sceneLighting":false,"audioPlay":false,"sceneViewState":{"showFog":false,"showMaterialUpdate":false,"showSkybox":false,"showFlares":false,"showImageEffects":true,"showParticleSystems":true},"in2DMode":false,"pivot":{"x":1.2810001373291016,"y":0.47326862812042239,"z":18.167999267578126},"rotation":{"x":-0.08350629359483719,"y":0.8832675814628601,"z":-0.4279732406139374,"w":-0.17234858870506288},"size":2.1906769275665285,"orthographic":false}