{"cameraMode":{"drawMode":0,"name":"Shaded","section":"Shading Mode"},"sceneLighting":true,"audioPlay":false,"sceneViewState":{"showFog":false,"showMaterialUpdate":false,"showSkybox":false,"showFlares":false,"showImageEffects":true,"showParticleSystems":true},"in2DMode":false,"pivot":{"x":-25.975006103515626,"y":11.071310043334961,"z":21.18035888671875},"rotation":{"x":-0.024608924984931947,"y":-0.9264775514602661,"z":0.37047362327575686,"w":-0.061507537961006168},"size":7.465948104858398,"orthographic":false}