{"cameraMode":{"drawMode":0,"name":"Shaded","section":"Shading Mode"},"sceneLighting":true,"audioPlay":false,"sceneViewState":{"showFog":false,"showMaterialUpdate":false,"showSkybox":false,"showFlares":false,"showImageEffects":true,"showParticleSystems":true},"in2DMode":false,"pivot":{"x":323.47943115234377,"y":40.476165771484378,"z":-82.65916442871094},"rotation":{"x":0.10176621377468109,"y":-0.2686777114868164,"z":0.02857215330004692,"w":0.9574129581451416},"size":93.84923553466797,"orthographic":false}