{"cameraMode":{"drawMode":0,"name":"Shaded","section":"Shading Mode"},"sceneLighting":true,"audioPlay":false,"sceneViewState":{"showFog":false,"showMaterialUpdate":false,"showSkybox":false,"showFlares":false,"showImageEffects":true,"showParticleSystems":true},"in2DMode":false,"pivot":{"x":-11.98373031616211,"y":15.611270904541016,"z":0.9128913879394531},"rotation":{"x":-0.05896640941500664,"y":-0.8793503046035767,"z":0.45880258083343508,"w":-0.11298815160989762},"size":16.251434326171876,"orthographic":false}