{"cameraMode":{"drawMode":0,"name":"Shaded","section":"Shading Mode"},"sceneLighting":true,"audioPlay":false,"sceneViewState":{"showFog":false,"showMaterialUpdate":false,"showSkybox":false,"showFlares":false,"showImageEffects":true,"showParticleSystems":true},"in2DMode":false,"pivot":{"x":-21.4671630859375,"y":11.181041717529297,"z":8.34158706665039},"rotation":{"x":0.013845630921423436,"y":-0.8840990662574768,"z":0.4663549065589905,"w":0.026274286210536958},"size":73.75117492675781,"orthographic":false}