{"cameraMode":{"drawMode":0,"name":"Shaded","section":"Shading Mode"},"sceneLighting":false,"audioPlay":false,"sceneViewState":{"showFog":false,"showMaterialUpdate":false,"showSkybox":false,"showFlares":false,"showImageEffects":true,"showParticleSystems":true},"in2DMode":false,"pivot":{"x":-0.10112100839614868,"y":0.4775833189487457,"z":-0.0988837480545044},"rotation":{"x":0.043508876115083697,"y":0.9348969459533691,"z":0.12327386438846588,"w":-0.32996711134910586},"size":1.755262851715088,"orthographic":false}