{"cameraMode":{"drawMode":0,"name":"Shaded","section":"Shading Mode"},"sceneLighting":true,"audioPlay":false,"sceneViewState":{"showFog":false,"showMaterialUpdate":false,"showSkybox":false,"showFlares":false,"showImageEffects":true,"showParticleSystems":true},"in2DMode":false,"pivot":{"x":-10.793061256408692,"y":10.010201454162598,"z":17.767175674438478},"rotation":{"x":-0.32960250973701479,"y":-0.573708176612854,"z":0.2703591585159302,"w":-0.6993762254714966},"size":13.666947364807129,"orthographic":false}