{"cameraMode":{"drawMode":0,"name":"Shaded","section":"Shading Mode"},"sceneLighting":true,"audioPlay":false,"sceneViewState":{"showFog":false,"showMaterialUpdate":false,"showSkybox":false,"showFlares":false,"showImageEffects":true,"showParticleSystems":true},"in2DMode":false,"pivot":{"x":6.459647178649902,"y":8.150558471679688,"z":-2.318349838256836},"rotation":{"x":0.04771021008491516,"y":-0.8624104857444763,"z":0.49710842967033389,"w":0.08279503881931305},"size":38.4348258972168,"orthographic":false}