{"cameraMode":{"drawMode":0,"name":"Shaded","section":"Shading Mode"},"sceneLighting":true,"audioPlay":false,"sceneViewState":{"showFog":false,"showMaterialUpdate":false,"showSkybox":false,"showFlares":false,"showImageEffects":true,"showParticleSystems":true},"in2DMode":false,"pivot":{"x":398.0562744140625,"y":171.37039184570313,"z":-4.267852783203125},"rotation":{"x":0.10176621377468109,"y":-0.2686777114868164,"z":0.02857215330004692,"w":0.9574129581451416},"size":441.4164123535156,"orthographic":false}