{"cameraMode":{"drawMode":0,"name":"Shaded","section":"Shading Mode"},"sceneLighting":true,"audioPlay":false,"sceneViewState":{"showFog":false,"showMaterialUpdate":false,"showSkybox":false,"showFlares":false,"showImageEffects":true,"showParticleSystems":true},"in2DMode":false,"pivot":{"x":2.459887981414795,"y":-0.197906494140625,"z":-3.39984130859375},"rotation":{"x":-0.03167380392551422,"y":-0.8963969945907593,"z":0.4373268187046051,"w":-0.06491918861865998},"size":13.702101707458496,"orthographic":false}