{"cameraMode":{"drawMode":0,"name":"Shaded","section":"Shading Mode"},"sceneLighting":true,"audioPlay":false,"sceneViewState":{"showFog":false,"showMaterialUpdate":false,"showSkybox":false,"showFlares":false,"showImageEffects":true,"showParticleSystems":true},"in2DMode":false,"pivot":{"x":-22.804828643798829,"y":10.618168830871582,"z":23.190658569335939},"rotation":{"x":0.2687230408191681,"y":-0.7101613283157349,"z":0.34647703170776369,"w":0.5508289933204651},"size":15.431553840637207,"orthographic":false}