{"cameraMode":{"drawMode":0,"name":"Shaded","section":"Shading Mode"},"sceneLighting":false,"audioPlay":false,"sceneViewState":{"showFog":false,"showMaterialUpdate":false,"showSkybox":false,"showFlares":false,"showImageEffects":true,"showParticleSystems":true},"in2DMode":false,"pivot":{"x":-29.685047149658204,"y":5.510583877563477,"z":17.133777618408204},"rotation":{"x":0.013845630921423436,"y":-0.8840990662574768,"z":0.4663549065589905,"w":0.026274286210536958},"size":22.0,"orthographic":false}