{"cameraMode":{"drawMode":0,"name":"Shaded","section":"Shading Mode"},"sceneLighting":true,"audioPlay":false,"sceneViewState":{"showFog":false,"showMaterialUpdate":false,"showSkybox":false,"showFlares":false,"showImageEffects":true,"showParticleSystems":true},"in2DMode":false,"pivot":{"x":-26.965877532958986,"y":32.47922134399414,"z":41.28731918334961},"rotation":{"x":0.004414556082338095,"y":-0.9256424903869629,"z":0.3782183825969696,"w":0.01083817146718502},"size":22.0,"orthographic":false}