{"cameraMode":{"drawMode":0,"name":"Shaded","section":"Shading Mode"},"sceneLighting":false,"audioPlay":false,"sceneViewState":{"showFog":false,"showMaterialUpdate":false,"showSkybox":false,"showFlares":false,"showImageEffects":true,"showParticleSystems":true},"in2DMode":false,"pivot":{"x":-0.045066118240356448,"y":-0.04449903964996338,"z":-0.362004816532135},"rotation":{"x":-0.15589766204357148,"y":-0.6998112797737122,"z":0.1608220636844635,"w":-0.6783040165901184},"size":1.3590232133865357,"orthographic":false}