{"cameraMode":{"drawMode":0,"name":"Shaded","section":"Shading Mode"},"sceneLighting":true,"audioPlay":false,"sceneViewState":{"showFog":false,"showMaterialUpdate":false,"showSkybox":false,"showFlares":false,"showImageEffects":true,"showParticleSystems":true},"in2DMode":false,"pivot":{"x":-32.950706481933597,"y":2.965198516845703,"z":2.0194244384765627},"rotation":{"x":-0.024608924984931947,"y":-0.9264775514602661,"z":0.37047362327575686,"w":-0.061507537961006168},"size":50.55990219116211,"orthographic":false}