{"cameraMode":{"drawMode":0,"name":"Shaded","section":"Shading Mode"},"sceneLighting":true,"audioPlay":false,"sceneViewState":{"showFog":false,"showMaterialUpdate":false,"showSkybox":false,"showFlares":false,"showImageEffects":true,"showParticleSystems":true},"in2DMode":false,"pivot":{"x":2.011504650115967,"y":3.836441993713379,"z":-9.046689987182618},"rotation":{"x":0.10962329059839249,"y":-0.8880766034126282,"z":0.27997642755508425,"w":0.34772974252700808},"size":6.53706169128418,"orthographic":false}