{"cameraMode":{"drawMode":0,"name":"Shaded","section":"Shading Mode"},"sceneLighting":false,"audioPlay":false,"sceneViewState":{"showFog":false,"showMaterialUpdate":false,"showSkybox":false,"showFlares":false,"showImageEffects":true,"showParticleSystems":true},"in2DMode":false,"pivot":{"x":1.1920928955078126e-7,"y":0.745947003364563,"z":-0.0029982775449752809},"rotation":{"x":-0.0854593887925148,"y":-0.9067012071609497,"z":0.22274349629878999,"w":-0.3478145897388458},"size":20.929824829101564,"orthographic":false}