{"cameraMode":{"drawMode":0,"name":"Shaded","section":"Shading Mode"},"sceneLighting":false,"audioPlay":false,"sceneViewState":{"showFog":false,"showMaterialUpdate":false,"showSkybox":false,"showFlares":false,"showImageEffects":true,"showParticleSystems":true},"in2DMode":false,"pivot":{"x":-0.10112100839614868,"y":0.4775833189487457,"z":-0.0988837480545044},"rotation":{"x":-0.06267273426055908,"y":0.9318827390670776,"z":-0.19511744379997254,"w":-0.29932576417922976},"size":1.755262851715088,"orthographic":false}