{"cameraMode":{"drawMode":0,"name":"Shaded","section":"Shading Mode"},"sceneLighting":false,"audioPlay":false,"sceneViewState":{"showFog":false,"showMaterialUpdate":false,"showSkybox":false,"showFlares":false,"showImageEffects":true,"showParticleSystems":true},"in2DMode":false,"pivot":{"x":-7.653669834136963,"y":12.01705551147461,"z":19.64110565185547},"rotation":{"x":0.2619739770889282,"y":-0.3186386525630951,"z":0.09212084114551544,"w":0.9062852263450623},"size":3.263284921646118,"orthographic":false}