{"cameraMode":{"drawMode":0,"name":"Shaded","section":"Shading Mode"},"sceneLighting":true,"audioPlay":false,"sceneViewState":{"showFog":false,"showMaterialUpdate":false,"showSkybox":false,"showFlares":false,"showImageEffects":true,"showParticleSystems":true},"in2DMode":false,"pivot":{"x":-3.0793073177337648,"y":3.553882598876953,"z":-5.572554588317871},"rotation":{"x":0.037271879613399509,"y":-0.8580163717269898,"z":0.508388340473175,"w":0.06292849034070969},"size":22.644052505493165,"orthographic":false}