{"cameraMode":{"drawMode":0,"name":"Shaded","section":"Shading Mode"},"sceneLighting":true,"audioPlay":false,"sceneViewState":{"showFog":false,"showMaterialUpdate":false,"showSkybox":false,"showFlares":false,"showImageEffects":true,"showParticleSystems":true},"in2DMode":false,"pivot":{"x":-22.488916397094728,"y":5.380789756774902,"z":13.329451560974121},"rotation":{"x":-0.05896640941500664,"y":-0.8793503046035767,"z":0.45880258083343508,"w":-0.11298815160989762},"size":12.480488777160645,"orthographic":false}