{"cameraMode":{"drawMode":0,"name":"Shaded","section":"Shading Mode"},"sceneLighting":false,"audioPlay":false,"sceneViewState":{"showFog":false,"showMaterialUpdate":false,"showSkybox":false,"showFlares":false,"showImageEffects":true,"showParticleSystems":true},"in2DMode":false,"pivot":{"x":-7.653669834136963,"y":11.388827323913575,"z":19.64110565185547},"rotation":{"x":0.11698037385940552,"y":-0.7984039783477783,"z":0.16467824578285218,"w":0.5672281980514526},"size":3.0304794311523439,"orthographic":false}