{"cameraMode":{"drawMode":0,"name":"Shaded","section":"Shading Mode"},"sceneLighting":false,"audioPlay":false,"sceneViewState":{"showFog":false,"showMaterialUpdate":false,"showSkybox":false,"showFlares":false,"showImageEffects":true,"showParticleSystems":true},"in2DMode":false,"pivot":{"x":0.1622810959815979,"y":-0.04604493826627731,"z":-0.48980408906936648},"rotation":{"x":0.39765411615371706,"y":-0.10614379495382309,"z":0.04637496918439865,"w":0.9101945161819458},"size":2.190772533416748,"orthographic":false}