{"cameraMode":{"drawMode":0,"name":"Shaded","section":"Shading Mode"},"sceneLighting":false,"audioPlay":false,"sceneViewState":{"showFog":false,"showMaterialUpdate":false,"showSkybox":false,"showFlares":false,"showImageEffects":true,"showParticleSystems":true},"in2DMode":false,"pivot":{"x":0.0,"y":3.0350539684295656,"z":2.384185791015625e-7},"rotation":{"x":-0.10967983305454254,"y":0.8873159289360046,"z":-0.27564534544944765,"w":-0.35307276248931887},"size":11.072245597839356,"orthographic":false}