{"cameraMode":{"drawMode":0,"name":"Shaded","section":"Shading Mode"},"sceneLighting":true,"audioPlay":false,"sceneViewState":{"showFog":false,"showMaterialUpdate":false,"showSkybox":false,"showFlares":false,"showImageEffects":true,"showParticleSystems":true},"in2DMode":false,"pivot":{"x":-5.653970718383789,"y":6.391288757324219,"z":6.760995864868164},"rotation":{"x":-0.01293841190636158,"y":-0.8930476307868958,"z":0.4490400552749634,"w":-0.02572186104953289},"size":39.30654525756836,"orthographic":false}