{"cameraMode":{"drawMode":0,"name":"Shaded","section":"Shading Mode"},"sceneLighting":false,"audioPlay":false,"sceneViewState":{"showFog":false,"showMaterialUpdate":false,"showSkybox":false,"showFlares":false,"showImageEffects":true,"showParticleSystems":true},"in2DMode":false,"pivot":{"x":-40.619998931884769,"y":9.949999809265137,"z":16.959999084472658},"rotation":{"x":-0.020460747182369233,"y":-0.904801070690155,"z":0.42308905720710757,"w":-0.04372747987508774},"size":2.8578836917877199,"orthographic":false}