{"cameraMode":{"drawMode":0,"name":"Shaded","section":"Shading Mode"},"sceneLighting":true,"audioPlay":false,"sceneViewState":{"showFog":false,"showMaterialUpdate":false,"showSkybox":false,"showFlares":false,"showImageEffects":true,"showParticleSystems":true},"in2DMode":false,"pivot":{"x":-2.1833627223968508,"y":8.5649995803833,"z":5.711491107940674},"rotation":{"x":-0.10251585394144058,"y":0.554155707359314,"z":-0.06901322305202484,"w":-0.8231884241104126},"size":15.221227645874024,"orthographic":false}