{"cameraMode":{"drawMode":0,"name":"Shaded","section":"Shading Mode"},"sceneLighting":true,"audioPlay":false,"sceneViewState":{"showFog":false,"showMaterialUpdate":false,"showSkybox":false,"showFlares":false,"showImageEffects":true,"showParticleSystems":true},"in2DMode":false,"pivot":{"x":-26.965866088867189,"y":10.694592475891114,"z":21.41000747680664},"rotation":{"x":-0.024608924984931947,"y":-0.9264775514602661,"z":0.37047362327575686,"w":-0.061507537961006168},"size":4.772285461425781,"orthographic":false}